rsID,chrom,position,ref_allele,alt_allele,relative_to_tss,tss_status,tss_missing_reason,tss_seq_source,tss_ref_exp,tss_alt_exp,tss_ref_match,snp_status,snp_missing_reason,snp_seq_source,snp_ref_exp,snp_alt_exp,snp_ref_match,ref_gene_exp_level,alt_gene_exp_level,diff,normalized_diff
rs0,chr17,79823640,T,G,21958,success,,shortcut,73.8921890258789,73.90120792388916,True,success,,shortcut,70.44717121124268,70.45288753509521,True,72.16968011856079,72.17704772949219,0.007367610931396484,0.3966920579194793
rs1,chr17,79848549,C,T,46867,success,,shortcut,73.8921890258789,73.8921890258789,False,success,,shortcut,79.22062301635742,79.22062301635742,False,76.55640602111816,76.55640602111816,0.0,0.23754389828252787
rs2,chr17,79833614,C,T,31932,success,,shortcut,73.8921890258789,73.82681369781494,False,success,,shortcut,73.67225170135498,73.5954532623291,False,73.78222036361694,73.71113348007202,-0.07108688354492188,-1.2980076931145805
rs3,chr17,79805376,C,G,3694,success,,shortcut,73.8921890258789,73.71788787841797,False,success,,shortcut,72.91519069671631,72.7646312713623,False,73.40368986129761,73.24125957489014,-0.1624302864074707,-3.2711214468013363
rs4,chr17,79821561,T,C,19879,success,,shortcut,73.8921890258789,73.87524700164795,False,success,,shortcut,77.18445110321045,77.16909885406494,False,75.53832006454468,75.52217292785645,-0.016147136688232422,-0.11125126900671473
rs5,chr17,79811950,T,C,10268,success,,shortcut,73.8921890258789,73.87278461456299,False,success,,shortcut,76.06657981872559,76.05767440795898,False,74.97938442230225,74.96522951126099,-0.014154911041259766,-0.06821709575170319
rs6,chr17,79756568,A,G,-45114,success,,shortcut,73.8921890258789,73.89015579223633,False,success,,shortcut,70.34471225738525,70.34175968170166,False,72.11845064163208,72.115957736969,-0.0024929046630859375,0.1836945306958356
rs7,chr17,79839019,A,C,37337,success,,shortcut,73.8921890258789,73.8921890258789,False,success,,shortcut,74.1738052368164,74.1738052368164,False,74.03299713134766,74.03299713134766,0.0,0.23754389828252787
rs8,chr17,79869948,T,G,68266,success,,shortcut,73.8921890258789,73.89409160614014,True,success,,shortcut,82.2952938079834,82.30146217346191,True,78.09374141693115,78.09777688980103,0.004035472869873047,0.3247143645958746
rs9,chr17,79789180,C,T,-12502,success,,shortcut,73.8921890258789,73.96644020080566,False,success,,shortcut,82.08679580688477,82.19058036804199,False,77.98949241638184,78.07851028442383,0.08901786804199219,2.160423649344896
rs10,chr17,79814409,C,G,12727,success,,shortcut,73.8921890258789,73.89258193969727,False,success,,shortcut,72.73625659942627,72.73920822143555,False,73.31422281265259,73.3158950805664,0.0016722679138183594,0.2736666473503415
rs11,chr17,79828006,A,T,26324,success,,shortcut,73.8921890258789,73.84925746917725,False,success,,shortcut,74.99422359466553,74.93448162078857,False,74.44320631027222,74.39186954498291,-0.05133676528930664,-0.8713843273775479
rs12,chr17,79876885,T,C,75203,success,,shortcut,73.8921890258789,73.90366649627686,True,success,,shortcut,76.05479049682617,76.05034446716309,True,74.97348976135254,74.97700548171997,0.0035157203674316406,0.3134871628610822
rs13,chr17,79893017,A,T,91335,success,,shortcut,73.8921890258789,73.90604019165039,False,success,,shortcut,41.85317802429199,41.85231876373291,False,57.87268352508545,57.87917947769165,0.006495952606201172,0.37786331959727704
rs14,chr17,79717705,A,G,-83977,success,,shortcut,73.8921890258789,73.89645099639893,False,success,,shortcut,71.76138305664062,71.7652587890625,False,72.82678604125977,72.83085489273071,0.004068851470947266,0.32543537755131996
rs15,chr17,79742772,G,A,-58910,success,,shortcut,73.8921890258789,73.89200019836426,True,success,,shortcut,83.38815116882324,83.3903579711914,True,78.64017009735107,78.64117908477783,0.0010089874267578125,0.259339089907134
rs16,chr17,79768903,G,A,-32779,success,,shortcut,73.8921890258789,73.8921890258789,False,success,,shortcut,72.47314071655273,72.47314071655273,False,73.18266487121582,73.18266487121582,0.0,0.23754389828252787
rs17,chr17,79766502,G,T,-35180,success,,shortcut,73.8921890258789,73.8921890258789,False,success,,shortcut,78.16451644897461,78.16451644897461,False,76.02835273742676,76.02835273742676,0.0,0.23754389828252787
rs18,chr17,79702451,C,A,-99231,missing,outside_editable_region,,,,,success,,shortcut,75.20585441589355,75.20914363861084,False,75.20585441589355,75.20914363861084,0.0032892227172851562,0.3085945749491314
rs19,chr17,79761417,T,A,-40265,success,,shortcut,73.8921890258789,73.86193943023682,True,success,,shortcut,73.6063404083252,73.59106922149658,True,73.74926471710205,73.7265043258667,-0.022760391235351562,-0.25410453585060055
